,CATEGORY L2,CATEGORY L3,DEFINITION
BANKING SERVICES,BANKING SERVICES,APPRAISALS,Companies through which mortgage lenders order real estate valuation services for properties on which they are considering extending loans
BANKING SERVICES,BANKING SERVICES,ARMORED TRANSPORT,"Secure transport of cash, typically used by retailers, restaurants, and financial institutions"
BANKING SERVICES,BANKING SERVICES,AUTO LENDING SERVICES,"Companies that provide end-to-end solutions for origination, contracting and auto title management"
BANKING SERVICES,BANKING SERVICES,BANKING EQUIPMENT & MAINTENANCE,"Providers of equipment (e.g., ATMs, Vaults, Security Systems) used to outfit a bank branch and/or remote ATM site"
BANKING SERVICES,BANKING SERVICES,FINANCIAL PRINT,Vendors pricing statement and letter printing and fulfillment services
BANKING SERVICES,BANKING SERVICES,FINANCIAL TECHNOLOGY SERVICES,"Companies offering core banking and payment/data processing solutions; often deliver broad portfolio of products and services "
BANKING SERVICES,BANKING SERVICES,FUND SERVICES,"Vendors supporting trade capture, fund and partnership accounting, financial statement preparation and reconciliations."
BANKING SERVICES,BANKING SERVICES,MORTGAGE SERVICES,"Companies providing technology, services, data and analytics focused on mortgage and real estate industries"
BANKING SERVICES,BANKING SERVICES,SETTLEMENT & CLEARING,Specialized organizations that act as the intermediary in transfer of funds to a seller and securities to a buyer; vendor assumes the role of tacit buyer and seller to reconcile orders between transacting parties.
BANKING SERVICES,BANKING SERVICES,SETTLEMENT ADMINISTRATION,Neutral third-parties that handle the claims administration process in compliance with court-approved settlement agreements
BANKING SERVICES,BANKING SERVICES,TITLE SERVICES,"Providers of title insurance, underwriting, escrow and closing services to lenders"
CONSTRUCTION & EQUIPMENT,CONSTRUCTION SERVICES,ARCHITECTURE & INTERIOR DESIGN,Architectural services for the company's buildings and property Interior design services for the company's office space
CONSTRUCTION & EQUIPMENT,CONSTRUCTION SERVICES,BUILDING CONSTRUCTION,"Building construction and repair services - does not include mechanical contractors, electricians, or plumbers"
CONSTRUCTION & EQUIPMENT,CONSTRUCTION SERVICES,CONSTRUCTION PROJECT MANAGEMENT,Construction management services
CONSTRUCTION & EQUIPMENT,CONSTRUCTION SERVICES,ENGINEERING CONSTRUCTION SERVICES,Construction design engineering services
CONSTRUCTION & EQUIPMENT,CONSTRUCTION SERVICES,FABRICATION & WELDING,"Services that involve cutting, "
CONSTRUCTION & EQUIPMENT,CONSTRUCTION SERVICES,FENCING,Fencing
CONSTRUCTION & EQUIPMENT,CONSTRUCTION SERVICES,FLOORING,Flooring services and supplies for new constructions or repairs
CONSTRUCTION & EQUIPMENT,CONSTRUCTION SERVICES,PARKING LOT / PAVING,"Parking lot paving, repair, and painting services"
CONSTRUCTION & EQUIPMENT,CONSTRUCTION SERVICES,PIPING & MILLWRIGHT,Contractors providing facility contruction services specialized in piping and millwright
CONSTRUCTION & EQUIPMENT,CONSTRUCTION SERVICES,PROJECT PERMITTING,"Services that help get and maintain construction project permits  "
CONSTRUCTION & EQUIPMENT,CONSTRUCTION SERVICES,STRUCTURED CABLING,"Low voltage electrical service "
CONSTRUCTION & EQUIPMENT,CONSTRUCTION SERVICES,MEP CONSTRUCTION SERVICES,"MEP (Mechanical, Electrical, and Plumbing) construction services involve the design, installation, and maintenance of systems that provide building functionality and comfort. These include HVAC systems, power distribution, lighting, fire protection, water supply, and drainage. MEP contractors coordinate closely with architects and general contractors to ensure that all mechanical and electrical systems meet safety codes, efficiency standards, and sustainability goals. The service covers everything from initial planning and engineering to commissioning and ongoing maintenance, ensuring the building’s operational integrity and occupant comfort."
CONSTRUCTION & EQUIPMENT,CONSTRUCTION SERVICES,SITEWORK CONSTRUCTION,"Sitework construction refers to the preparation of a construction site before building begins. It includes grading, excavation, soil stabilization, drainage installation, and utility connections such as water, gas, and sewer systems. Sitework also involves the construction of access roads, parking areas, and erosion control systems. The goal is to create a safe, stable, and functional foundation for subsequent construction activities while complying with environmental and regulatory standards."
CONSTRUCTION & EQUIPMENT,CONSTRUCTION SERVICES,STRUCTURAL METALS,"Structural metals encompass materials such as steel, aluminum, and iron used to build frameworks, supports, and load-bearing structures in buildings, bridges, and industrial facilities. Services in this category include fabrication, welding, cutting, and installation of beams, columns, and trusses. Structural metalwork ensures the integrity, durability, and safety of the overall structure. It is essential in both commercial and infrastructure projects, often customized to meet specific engineering and design requirements."
CONSTRUCTION & EQUIPMENT,EQUIPMENT,CONVEYORS & SORTATION,Machinery utilized to move raw materials and products throughout a warehouse or manufacturing facility
CONSTRUCTION & EQUIPMENT,EQUIPMENT,EQUIPMENT,"Purchasing new industrial machines, may require financing. Not Office Equipment, Furniture, Vehicles or IT equipment. This includes capital leases"
CONSTRUCTION & EQUIPMENT,EQUIPMENT,INDUSTRIAL CLEANING EQUIPMENT,Equipment utilized specifically to clean dirty or hazardous areas of industrial facilities
CONSTRUCTION & EQUIPMENT,EQUIPMENT,PACKAGING EQUIPMENT,"Box erectors, palletizers, pack-size machines that make custom boxes"
CORPORATE,CORPORATE INSURANCE,CORPORATE INSURANCE,"Property, liability and other insurance utilized by large organizations to protect against various financial and operational risks."
CORPORATE,CORPORATE INSURANCE,DIRECTORS & OFFICERS INSURANCE,Liability insurance designed to protect individuals and against personal losses and legal fees if they are sued while serving as a director or officer of a business
CORPORATE,CORPORATE INSURANCE,ERRORS & OMISSIONS INSURANCE,Professional liability insurance protecting companies and workers against claims of inadequate work in a professional capacity
CORPORATE,CORPORATE INSURANCE,PROPERTY & CASUALTY INSURANCE,"Insurance protecting against loss of property, damage, or other liabilities"
CORPORATE,CORPORATE INSURANCE,WORKERS COMPENSATION INSURANCE,Provides medical and wage benefits to workers who are injured while on the job
CORPORATE,CORPORATE OFFICE,FLOWERS & GIFTS,"Flowers, baby / retirement / congrats gifts, one-off employee recognition awards (smaller spend), gift card purchases from book stores, clothing stores, etc."
CORPORATE,CORPORATE OFFICE,MEETING / COWORKING SPACES,Temporary office space for short term rent/coworking
CORPORATE,CORPORATE OFFICE,OFFICE SUPPLIES,"General office supplies including paper, toner, pens, staplers, paper clips, binders, whiteboards, etc."
CORPORATE,CORPORATE OFFICE,POSTAGE & POSTAGE EQUIPMENT,Postage and/or lease/rental of postage machines
CORPORATE,CORPORATE OFFICE,PRINTING & SHIPPING CENTER,"Small-scale, on-demand copying, printing, and binding of presentations, flyers, brochures, banners, etc."
CORPORATE,CORPORATE OFFICE,PUBLIC STORAGE,Small-scale temporary storage
CORPORATE,CORPORATE OFFICE,SUNDRIES,General goods purchased for office use
CORPORATE,CORPORATE SERVICES,BANKING SERVICES,Bank fees that are not interest / debt financing
CORPORATE,CORPORATE SERVICES,CONSUMER FINANCING,Lending and payment plans offered by financial institutions directly to consumers
CORPORATE,CORPORATE SERVICES,CREDIT CARD PROCESSING,Electronic payment processing services
CORPORATE,CORPORATE SERVICES,DOCUMENT MANAGEMENT & SHREDDING,"Document storage, document shredding, tape storage (vaulting), document scanning and conversion, document/records management, document archiving"
CORPORATE,CORPORATE SERVICES,DUES & SUBSCRIPTIONS,"Industry Reports, Magazines, Newspapers, Streaming Services"
CORPORATE,CORPORATE SERVICES,MEMBERSHIPS,"Professional organization memberships, associations, councils"
CORPORATE,CORPORATE SERVICES,INSURANCE PREMIUM FINANCING,Lending of funds to cover the cost of an insurance premium
CORPORATE,CORPORATE SERVICES,INVESTOR RELATIONS SERVICES,Companies who provide communications services and communications platforms for investor news related to clients who are public companies.
CORPORATE,CORPORATE SERVICES,INVOICE FACTORING,Business that purchase accounts receivable in exchange for immediate cash
CORPORATE,FINANCIAL & MARKET DATA,CREDIT RATINGS AGENCIES,Issuing agencies of credit ratings for corporations
CORPORATE,FINANCIAL & MARKET DATA,CREDIT REPORTING AGENCIES,Issuing agencies of consumer credit reports
CORPORATE,FINANCIAL & MARKET DATA,EXCHANGES,"Fees paid to financial exchanges where securities, commodities, derivatives and other financial instruments are traded"
CORPORATE,FINANCIAL & MARKET DATA,FINANCIAL & MARKET DATA,"Subscriptions to services that provide research or insights on financial markets, B2B credit reports, etc."
CORPORATE,FINANCIAL & MARKET DATA,DATA FEEDS & SERVICES,"Data feeds and services provide real-time or scheduled data delivery for analytics, decision-making, or integration into digital systems. These feeds may include financial market data, weather information, logistics updates, or IoT sensor data. Providers ensure data accuracy, speed, and security while supporting APIs and integration tools for seamless connection with enterprise systems. This service enables businesses to automate workflows, enhance intelligence, and gain competitive insights through reliable data access."
FLEET,FLEET MAINTENANCE & REPAIR,FLEET MAINTENANCE & REPAIR,Maintenance and repair of fleet vehicles either coordinated by an FMC or provided directly by an auto shop or other service provider
FLEET,FLEET MAINTENANCE & REPAIR,FLEET PARTS & EQUIPMENT,Automobile Parts
FLEET,FLEET MAINTENANCE & REPAIR,TIRES,Automobile Tires
FLEET,FLEET MAINTENANCE & REPAIR,FUEL,Automobile fuel purchase and fuel management programs
FLEET,FLEET MAINTENANCE & REPAIR,TRACTOR MAINTENANCE & REPAIR,"Tractor maintenance and repair services cover the inspection, servicing, and mechanical repair of agricultural or commercial tractors. This includes engine diagnostics, hydraulic system maintenance, transmission repair, and tire replacement. Regular maintenance improves efficiency, extends equipment lifespan, and prevents costly downtime. Providers may offer mobile repair units, scheduled servicing, and OEM parts replacement to ensure compliance with manufacturer standards and field readiness."
FLEET,FLEET MAINTENANCE & REPAIR,TRAILER MAINTENANCE & REPAIR,"Trailer maintenance and repair focuses on ensuring the safety and functionality of commercial trailers used for freight or logistics. Services include brake inspections, lighting system checks, suspension repair, axle alignment, and body restoration. Preventive maintenance helps minimize breakdowns, improve compliance with transportation regulations, and reduce operational costs. Many providers offer on-site and emergency repair options to support continuous fleet operation."
FLEET,FLEET MAINTENANCE & REPAIR,FLEET WASH,"Fleet wash services provide professional cleaning for commercial vehicles such as trucks, buses, and delivery vans. Services can include exterior washing, undercarriage cleaning, interior detailing, and environmental runoff management. Regular cleaning maintains brand image, prevents corrosion, and supports DOT compliance. Providers often use eco-friendly detergents and water reclamation systems to meet environmental standards while ensuring a consistent, high-quality appearance for entire fleets."
FLEET,FLEET MAINTENANCE & REPAIR,BULK FUEL,"Bulk fuel services involve the storage, delivery, and management of large quantities of fuel—such as diesel, gasoline, or propane—for fleets, equipment, or facilities. Providers deliver fuel directly to tanks, vehicles, or generators, offering volume-based pricing and inventory tracking. These services enhance operational efficiency, reduce downtime, and support remote or on-site fueling needs. Many include fuel monitoring technology to optimize consumption and manage costs."
FLEET,FLEET SERVICES,DRIVEAWAY SERVICE,"Professional transportation of a car with another driver, or it is transported on the back of the truck"
FLEET,FLEET SERVICES,DRIVER STAFFING,Temporary staffing of drivers
FLEET,FLEET SERVICES,FLEET MANAGEMENT & LEASING,Fleet Management Companies (FMCs) that are/can be responsible for the complete lifecycle of a company's fleet of vehicles
FLEET,FLEET SERVICES,VEHICLE LEASING / PURCHASE,Fleet vehicle financing through banks
FLEET,FLEET SERVICES,MILEAGE REIMBURSEMENT,"Mileage reimbursement refers to direct payments made to employees or other companies that cover the cost of personal vehicle use. These payments are typically based upon the current IRS Standard Mileage rate, or some other agreed upon flat per mile rate."
FLEET,FLEET SERVICES,TELEMATICS & GPS TRACKING,Telematics and GPS technology for fleet vehicles
FLEET,FLEET SERVICES,TOLL & VIOLATION MANAGEMENT,Toll and traffic violation management services
FLEET,FLEET SERVICES,TRAILER RENTAL & LEASING,Rental or long term lease of truck trailers
FLEET,FLEET SERVICES,TRAILER YARD MANAGEMENT / YARD JOCKEYS,Services regarding the movement and spotting of freight containers/trailers to facilitate the needs of a customer's warehouse in sorting and processing material for shipment of storage. Service is typically performed with a terminal tractor and driver provided by the Supplier.
FLEET,FLEET SERVICES,VEHICLE GRAPHICS,Decals and logos to be applied to vehicles
FLEET,FLEET SERVICES,TOWING,"Towing services provide vehicle transport and roadside assistance for disabled, damaged, or illegally parked vehicles. This includes light-, medium-, and heavy-duty towing using specialized trucks and recovery equipment. Towing companies often offer additional services like accident recovery, winching, load transfers, and emergency response. Reliability and quick dispatch are essential for minimizing disruption and ensuring vehicle safety during transit."
FLEET,FLEET SERVICES,TRACTOR LEASING / PURCHASE,"Tractor leasing and purchase services allow businesses to acquire heavy-duty tractors for freight and logistics operations through flexible financing or outright purchase. Leasing options reduce upfront costs and include maintenance packages, while purchasing provides long-term asset ownership. Providers assist with fleet planning, equipment selection, and warranty support. The goal is to balance cost efficiency, operational needs, and asset management over the vehicle’s lifecycle."
FLEET,FLEET SERVICES,TRANSPORTATION RELATED EQUIP,"Transportation-related equipment includes auxiliary tools and machinery supporting logistics and fleet operations, such as liftgates, refrigeration units, GPS systems, tarping equipment, and cargo handling devices. These products enhance transportation safety, efficiency, and compliance. Providers may offer installation, calibration, and ongoing maintenance to ensure seamless integration with vehicles or transport systems."
HR,HR SERVICES,BACKGROUND CHECKS & DRUG TESTING,Background screening services and/or drug testing for pre-employment screenings or ongoing random screenings
HR,HR SERVICES,CONTINGENT LABOR,"Services including recruiting, background screening/testing and payrolling of a temporary/contingent labor employees"
HR,HR SERVICES,BENEFITS ADMINISTRATION,"Management of employee benefits programs including health, retirement, wellness, and other perks, often handled by third-party providers."
HR,HR SERVICES,COMPENSATION SURVEYS,Facilitation and distribution of results from compensation surveys
HR,HR SERVICES,EMPLOYEE RECOGNITION,Administering employee recognition programs which can include:  Anniversary/service awards and Employee incentives
HR,HR SERVICES,EMPLOYER COMPLIANCE SERVICES,"Services focused on providing labor law postings, safety notices, anti harassment, and other collateral"
HR,HR SERVICES,EMPLOYMENT VERIFICATION,"Third-party services used to confirm employment history, job titles, and dates for current or former employees."
HR,HR SERVICES,HR OUTSOURCING,HR services and functions transferred from an employer to external third-party provider
HR,HR SERVICES,HR SERVICES,"Consulting and support services for human resources functions including hiring, employee relations, compliance, and workforce planning."
HR,HR SERVICES,OUTPLACEMENT SERVICES,Support service provided by organizations to support individuals who are exiting the business (voluntarily or involuntarily) - to help former employees transition to new jobs and help them re-orient themselves in the job market.
HR,HR SERVICES,PAYROLL PROCESSING,Payroll processing providers
HR,INSURANCE & BENEFITS,BENEFITS BROKER,"Intermediary who sells, solicits, or negotiates insurance on behalf of a third-party client"
HR,INSURANCE & BENEFITS,COMMUTER BENEFITS,Tax-free transportation subsidies provided by an employer to its employees
HR,INSURANCE & BENEFITS,DENTAL INSURANCE,Dental insurance
HR,INSURANCE & BENEFITS,EMPLOYEE ASSISTANCE PROGRAMS,Programs assisting employees with personal and work related problems that may be impacting their health or mental/emotional well-being
HR,INSURANCE & BENEFITS,HEALTH & WELLNESS,Health and Wellness services providers
HR,INSURANCE & BENEFITS,HEALTH ADVOCACY,Direct services to employees that promote healthy lifestyles and access to health care
HR,INSURANCE & BENEFITS,HSA / FSA,Health Savings Accounts and Flexible Spending Accounts designed to save for medical costs
HR,INSURANCE & BENEFITS,INSURANCE & BENEFITS,General employee insurance & benefits services
HR,INSURANCE & BENEFITS,LIFE & DISABILITY INSURANCE,Life insurance providers
HR,INSURANCE & BENEFITS,MEDICAL INSURANCE,Medical insurance providers
HR,INSURANCE & BENEFITS,OCCUPATIONAL HEALTH,Multi-disciplinary field of health care dedicated to the well-being and safety of employees in the workplace
HR,INSURANCE & BENEFITS,ON-SITE CLINIC,Physical setting where an employer offers medical services to employees within the workplace
HR,INSURANCE & BENEFITS,ON-SITE PHYSICAL THERAPY,Physical setting where an employer offers physical therapy to employees within the workplace
HR,INSURANCE & BENEFITS,PHARMACY BENEFITS MANAGEMENT,Pharmacy benefit management providers
HR,INSURANCE & BENEFITS,SUPPLEMENTAL INSURANCE,"Providers of additional insurance plans that helps pay for healthcare costs that are not covered by a person's regular health insurance plan. These costs include copayments, coinsurance, and deductibles"
HR,INSURANCE & BENEFITS,THIRD PARTY ADMINISTRATOR,Companies that provides operational services such as claims processing and employee benefits management under contract to another company
HR,INSURANCE & BENEFITS,UNEMPLOYMENT INSURANCE,Employer contributions to unemployment insurance
HR,INSURANCE & BENEFITS,VISION INSURANCE,Vision insurance providers
HR,RECRUITING,JOB BOARDS,Job board and resume search websites and services
HR,RECRUITING,PRE-HIRING ASSESSMENTS,Targeted skills assessments given to candidates for an open position
HR,RECRUITING,RECRUITING,Outside recruiting services that present a pool of candidates that fit certain criteria
HR,RELOCATION SERVICES,MOVING SERVICES,Packing and moving services
HR,RELOCATION SERVICES,RELOCATION SERVICES,Employee relocation services
HR,TRAINING & DEVELOPMENT,TRAINING & DEVELOPMENT,"Designing training programs and platforms (live classroom training, web-based training, video training, and others) for a variety of client needs"
INFORMATION TECHNOLOGY,IT HARDWARE / INFRASTRUCTURE,AV & DISPLAY TECHNOLOGY,"Audio / Visual technology to increase collaboration or experience; Examples include meeting room hardware, visual TV displays in retail or restaurant space, speakers, video cameras"
INFORMATION TECHNOLOGY,IT HARDWARE / INFRASTRUCTURE,BARCODE PRINTERS & SCANNERS,"Hardware consisting primarily of mobile computers, printers, handheld scanners used to automate data collection Can be handheld, RFID readers, mounted to distribution center equipment, etc"
INFORMATION TECHNOLOGY,IT HARDWARE / INFRASTRUCTURE,COMPUTE & STORAGE HARDWARE,"Hardware with capacity to store large amounts of data in a centralized repository for business, super computers for bulk data processing, and/or hardware to provide functionality for other programs or devices"
INFORMATION TECHNOLOGY,IT HARDWARE / INFRASTRUCTURE,END USER DEVICES,"Personal computers (laptops and desktops/workstations), servers (devices dedicated to many resources); While PCs and Servers have different functions, the OEM market overlaps significantly and can be procured together for additional leverage"
INFORMATION TECHNOLOGY,IT HARDWARE / INFRASTRUCTURE,HARDWARE COMPONENTS,"Physical computing infrastructure including servers, processors, storage devices, and networking equipment."
INFORMATION TECHNOLOGY,IT HARDWARE / INFRASTRUCTURE,OFFICE EQUIPMENT,"Multifunction peripherals (MFP) or multifunction devices (MFD) with functionalities and capabilities, including printing, copying and scanning "
INFORMATION TECHNOLOGY,IT HARDWARE / INFRASTRUCTURE,PERIPHERALS,"Devices that connect to a computer system to add functionality, eg mouse, keyboard, docks, monitors"
INFORMATION TECHNOLOGY,IT HARDWARE / INFRASTRUCTURE,PHYSICAL SECURITY TECH,"Technologies for securing physical premises including surveillance systems, access control, alarms, and security infrastructure."
INFORMATION TECHNOLOGY,IT HARDWARE / INFRASTRUCTURE,POINT OF SALE EQUIPMENT,"Hardware or device that supports the transaction of a purchase; Could be mobile (phone/tablet based), kiosk (self-service), or computer-like"
INFORMATION TECHNOLOGY,IT HARDWARE / INFRASTRUCTURE,"RACKS, WIRING & CABLES","Electrical components for connecting and wiring data centers, offices, and other sites Includes server racks, cat5 and cat6 cables, and in some cases the labor to install"
INFORMATION TECHNOLOGY,IT HARDWARE / INFRASTRUCTURE,VALUE ADDED RESELLER (VAR),"VARs resell OEM products to end-customers, often bundling additional services and customized solutions for added-value to the end user; Typically will display list  of ""partners"" (OEMs they resell) on website but will often primarily promote services"
INFORMATION TECHNOLOGY,IT HARDWARE / INFRASTRUCTURE,CONSUMER ELECTRONICS VENDOR,
INFORMATION TECHNOLOGY,IT SERVICES,IT CONSULTING,"IT services for application integration, implementation, deployment, development, and on-going support Includes designing, coding, quality testing/quality assurance, and break/fix support"
INFORMATION TECHNOLOGY,IT SERVICES,IT STAFFING,"IT staff augmentation and temporary contractors, hired to fill a specific need within a client-led business unit or team Can be both direct or through MSP"
INFORMATION TECHNOLOGY,IT SERVICES,CLOUD SERVICES,"Cloud services encompasses any provider that is hosting and managing information in the cloud (either private or public cloud) Providers may also be brokering the cloud hosting relationship (ie Rackspace) "
INFORMATION TECHNOLOGY,IT SERVICES,CONTENT DELIVERY NETWORK,A service comprised of geographically distributed group of servers which work together to provide fast delivery of Internet content Vendor website must primarily specify they primarily provide CDN
INFORMATION TECHNOLOGY,IT SERVICES,DATA CENTER & COLOCATION,"A colocation center or ""carrier hotel"", is a type of data center where equipment, space, and bandwidth are available for rental to customers This category also includes outsourced management of data centers "
INFORMATION TECHNOLOGY,IT SERVICES,DISASTER RECOVERY,Disaster recovery is a cloud computing and backup service model that uses cloud resources to protect applications and data from disruption caused by disaster
INFORMATION TECHNOLOGY,IT SERVICES,DOMAIN NAME & HOSTING,Domain registrars are responsible for registering and managing domain names for all websites Companies purchase domain names from Domain registrars directly A web hosting service is a type of Internet hosting service that allows individuals and organizations to make their website accessible via the World Wide Web
INFORMATION TECHNOLOGY,IT SERVICES,IT INFRASTRUCTURE SERVICES,"IT services focused on support and maintaining hardware infrastructure, through engineering, design, and on-going support "
INFORMATION TECHNOLOGY,IT SERVICES,IT RESEARCH & ADVISORY,"Research and advisory firms specific to IT, providing IT leaders with insights, advice and tools to better manage their IT spend and vendors"
INFORMATION TECHNOLOGY,IT SERVICES,THIRD PARTY MAINTENANCE,"3rd party maintenance is non-OEM maintenance providers who provide activities such as applying patches, updating anti-virus and ensuring anti-virus is working, monitoring performance, and monitoring activity based on IT policies"
INFORMATION TECHNOLOGY,IT SERVICES,CLOUD CONSULTING,"Cloud consulting helps organizations plan, migrate, and optimize their IT infrastructure on cloud platforms such as AWS, Azure, or Google Cloud. Consultants assess workloads, recommend architecture strategies, and manage migration while ensuring security and cost efficiency. Services may include hybrid cloud integration, automation, and ongoing optimization. The objective is to increase scalability, agility, and resilience of enterprise technology environments."
INFORMATION TECHNOLOGY,IT SERVICES,IT SECURITY CONSULTING,"IT security consulting involves assessing and strengthening an organization’s cybersecurity posture. Consultants identify vulnerabilities, design protection strategies, implement security controls, and ensure compliance with standards like ISO 27001 or NIST. Services may include penetration testing, threat modeling, incident response planning, and employee training. The goal is to safeguard critical assets from cyberattacks and data breaches while maintaining operational continuity."
INFORMATION TECHNOLOGY,SOFTWARE,BI & DATA ANALYTICS SOFTWARE,Business Intelligence and analytics software helps companies organize and visualize data to make better business decisions
INFORMATION TECHNOLOGY,SOFTWARE,CLOUD & APPLICATION VIRTUALIZATION,Cloud and Application virtualization allows clients (end user computers or devices) to access applications and cloud hosted data without the information being installed or stored on a device
INFORMATION TECHNOLOGY,SOFTWARE,CONTACT CENTER SOFTWARE,"Software that manages customer communications and interactions throughout a variety of channels and touchpoints (chat, email, voice); typically applies to contact center or help desk providers; Typically used for Customer Service Reps to interact with customers in a contact center."
INFORMATION TECHNOLOGY,SOFTWARE,DATA SECURITY SOFTWARE,"Software tools that protect data at rest and in transit, enforce encryption, monitor breaches, and manage access controls."
INFORMATION TECHNOLOGY,SOFTWARE,ECOMMERCE & PAYMENT TECH,"Ecommerce platform is a software application that allows online businesses to manage their website, marketing, sales, and operations"
INFORMATION TECHNOLOGY,SOFTWARE,ENTERPRISE COMMUNICATIONS,Web conferencing services for virtual meetings and conference calls
INFORMATION TECHNOLOGY,SOFTWARE,ENTERPRISE INFORMATION MANAGEMENT,"Software the supports managing data across an enterprise; Includes content management and master data management (MDM); Key words are Content Management, Master Data Management"
INFORMATION TECHNOLOGY,SOFTWARE,ERP,An enterprise resource planning system (ERP system) is an information system that incorporates enterprise-wide internal and external information systems into a single unified solution
INFORMATION TECHNOLOGY,SOFTWARE,EXPENSE MANAGEMENT SOFTWARE,"Software that tracks and manages expense claims, authorizations, audit and payment processes. Primarily for travel and entertainment expenses"
INFORMATION TECHNOLOGY,SOFTWARE,FINANCE & ACCOUNTING SOFTWARE,Software existing to support finance function; including tax and accounting software and payment processing solutions
INFORMATION TECHNOLOGY,SOFTWARE,"GOVERNANCE, RISK & COMPLIANCE","Platforms or services for managing compliance obligations, enterprise risk, audit trails, and corporate governance policies."
INFORMATION TECHNOLOGY,SOFTWARE,"INDUSTRY SOFTWARE - ARCHITECTURE, ENGINEERING, & CONSTRUCTION (AEC)","Specialized tools used in AEC sectors, including CAD, BIM, project estimation, and construction management platforms."
INFORMATION TECHNOLOGY,SOFTWARE,INDUSTRY SOFTWARE - FINANCIAL SERVICES,"Technology platforms tailored for banking, insurance, or asset management, such as risk modeling, trading, and financial reporting tools."
INFORMATION TECHNOLOGY,SOFTWARE,PRODUCTIVITY & WORKSPACE APPS,"Tools that enhance workplace efficiency and collaboration such as document editing, calendar scheduling, and team messaging."
INFORMATION TECHNOLOGY,SOFTWARE,SOFTWARE,General category for software products not classified under more specific functional or industry categories.
INFORMATION TECHNOLOGY,SOFTWARE,SUPPLY CHAIN SOFTWARE,"Software the supports supply chain activity including warehouse management software, fleet management, inventory management, warehouse operations tools; "
INFORMATION TECHNOLOGY,SOFTWARE,SW DEV & DEVOPS SOLUTIONS,"Software development tools and DevOps platforms for managing code, deployments, CI/CD, and testing environments."
INFORMATION TECHNOLOGY,SOFTWARE,TALENT MGMT & RECRUITING SOFTWARE,"Platforms that manage talent acquisition, onboarding, performance tracking, and succession planning."
INFORMATION TECHNOLOGY,SOFTWARE,TESTING & TEST DATA MGMT,"Software and services that support application testing, test automation, and the generation or masking of test data."
INFORMATION TECHNOLOGY,SOFTWARE,AI/ML PLATFORM,"An AI/ML platform provides tools, frameworks, and infrastructure for building, training, and deploying artificial intelligence and machine learning models. These platforms support data ingestion, model development, automation, and monitoring at scale. They help organizations apply predictive analytics, natural language processing, and computer vision to improve decision-making, efficiency, and innovation. Cloud-based and open-source options allow flexible integration into enterprise systems."
INFORMATION TECHNOLOGY,SOFTWARE,APP DEV TOOLS,"Application development tools are software platforms, frameworks, and utilities that enable developers to design, code, test, and deploy applications efficiently. They include integrated development environments (IDEs), code editors, debuggers, version control systems, and build automation tools. Modern app dev tools support multiple programming languages, cloud integration, and collaboration features to accelerate software delivery. These tools help teams maintain quality, scalability, and security across mobile, web, and enterprise applications."
INFORMATION TECHNOLOGY,SOFTWARE,"ASSET MGMT TECH (EAM, SAM & ITAM)","Asset management technology includes systems for managing physical, software, and IT assets across their lifecycle. EAM (Enterprise Asset Management) focuses on infrastructure and equipment, SAM (Software Asset Management) tracks software licenses, and ITAM (IT Asset Management) governs all IT assets. These solutions optimize utilization, reduce costs, and ensure compliance with licensing and maintenance policies. They offer analytics and automation for asset tracking, depreciation management, and forecasting."
INFORMATION TECHNOLOGY,SOFTWARE,AUTOMATION (BPA & RPA),"Automation technologies streamline repetitive tasks and workflows through Business Process Automation (BPA) and Robotic Process Automation (RPA). BPA focuses on optimizing end-to-end business processes using software integration, while RPA employs bots to mimic human actions in digital systems. Together, they increase productivity, accuracy, and efficiency by reducing manual intervention. Common use cases include data entry, invoice processing, and system synchronization across industries."
INFORMATION TECHNOLOGY,SOFTWARE,BLOCKCHAIN TECH,"Blockchain technology is a decentralized digital ledger that records transactions securely and transparently across distributed networks. Each block contains encrypted data linked chronologically, making tampering virtually impossible. Beyond cryptocurrency, blockchain supports smart contracts, supply chain tracking, identity verification, and secure data exchange. It enhances trust, traceability, and automation in digital ecosystems by eliminating intermediaries and improving data integrity."
INFORMATION TECHNOLOGY,SOFTWARE,BUG BOUNTY PROGRAMS,"Bug bounty programs invite ethical hackers or security researchers to identify and report vulnerabilities in software, websites, or systems in exchange for monetary rewards. These programs help organizations strengthen cybersecurity by leveraging external expertise to find issues before malicious actors exploit them. Bug bounties foster continuous security testing, reduce risk exposure, and demonstrate a proactive commitment to data protection and responsible disclosure."
INFORMATION TECHNOLOGY,SOFTWARE,COMMUNICATION TOOLS & APIS,"Communication tools and APIs enable seamless interaction between systems, teams, and applications. This category includes messaging platforms, video conferencing tools, email APIs, SMS gateways, and unified communication frameworks. APIs allow developers to integrate communication capabilities directly into software solutions, improving collaboration, customer engagement, and workflow automation. These tools enhance connectivity, reduce friction, and support hybrid or remote work environments."
INFORMATION TECHNOLOGY,SOFTWARE,CRM SOFTWARE,"Customer Relationship Management (CRM) software centralizes customer data, sales activities, and marketing interactions to improve business relationships and revenue growth. CRMs help organizations track leads, manage pipelines, automate communications, and analyze customer behavior. Modern platforms integrate with marketing, service, and analytics tools, providing a unified customer view. The goal is to enhance engagement, retention, and satisfaction through data-driven insights and automation."
INFORMATION TECHNOLOGY,SOFTWARE,"CUSTOMER ENGAGEMENT, CX & MARTECH","Customer engagement, customer experience (CX), and marketing technology (MarTech) solutions help businesses attract, retain, and understand customers through data-driven insights. These tools include personalization engines, campaign automation, analytics dashboards, and omnichannel communication platforms. They enable targeted marketing, consistent brand experiences, and improved conversion rates. By integrating CX and MarTech, organizations can optimize customer journeys and loyalty across digital and physical touchpoints."
INFORMATION TECHNOLOGY,SOFTWARE,"DATA INTEGRATION, MIGRATION & MGMT","Data integration, migration, and management services connect, transfer, and organize data across systems and platforms. Integration ensures seamless data flow between applications; migration handles movement between environments (e.g., on-premises to cloud); and management oversees governance, quality, and storage. These processes enable organizations to maintain accuracy, security, and accessibility of data while supporting analytics, compliance, and operational efficiency."
INFORMATION TECHNOLOGY,SOFTWARE,DOCUMENT READER & ESIGNATURE,"Document reader and eSignature solutions streamline document processing, sharing, and authorization. Document readers support secure viewing, conversion, and OCR (optical character recognition), while eSignature tools enable legally binding digital signatures. These solutions reduce paper use, accelerate approval workflows, and improve auditability. They integrate with CRM, ERP, and cloud platforms to support remote collaboration and compliance with e-signing regulations like ESIGN and eIDAS."
INFORMATION TECHNOLOGY,SOFTWARE,EMAIL SECURITY,"Email security solutions protect organizations from phishing, spam, malware, and unauthorized access. They include encryption, filtering, authentication protocols (SPF, DKIM, DMARC), and threat detection. These systems safeguard sensitive communications, prevent data loss, and ensure regulatory compliance. Advanced platforms use AI and behavioral analytics to identify suspicious activity and automate incident response. Email security is critical to protecting users and preventing cyber breaches."
INFORMATION TECHNOLOGY,SOFTWARE,EPP & EDR,"Endpoint Protection Platforms (EPP) and Endpoint Detection and Response (EDR) are cybersecurity technologies that safeguard devices like laptops, servers, and mobile phones. EPP provides prevention through antivirus, firewall, and device control, while EDR focuses on detecting and responding to active threats. Combined, they deliver comprehensive visibility, behavior monitoring, and automated remediation to reduce cyber risks and maintain enterprise security posture."
INFORMATION TECHNOLOGY,SOFTWARE,EVENT PLANNING SOFTWARE,"Event planning software helps individuals and organizations manage conferences, trade shows, meetings, and other events. It streamlines scheduling, registration, vendor coordination, budgeting, and attendee engagement. Many platforms offer analytics, mobile apps, and integration with CRM or marketing systems. Event planners use these tools to improve efficiency, ensure smooth logistics, and deliver personalized attendee experiences both online and in-person."
INFORMATION TECHNOLOGY,SOFTWARE,FILE TRANSFER & DOCUMENT MGMT,"File transfer and document management systems enable secure sharing, storage, and organization of digital files. These tools support version control, access permissions, and encryption to maintain data integrity. They facilitate collaboration across teams while ensuring compliance with data protection regulations. Advanced solutions integrate with business applications and automate workflows to improve productivity and reduce risks associated with manual file handling."
INFORMATION TECHNOLOGY,SOFTWARE,FLEET INTELLIGENCE & MGMT,"Fleet intelligence and management systems use telematics, GPS, and data analytics to monitor vehicle performance, driver behavior, and logistics operations. They help reduce fuel costs, improve safety, and optimize routing. These systems provide real-time insights on vehicle health, maintenance scheduling, and compliance reporting. By centralizing data, they enable data-driven decision-making for more efficient and sustainable fleet operations."
INFORMATION TECHNOLOGY,SOFTWARE,GEOSPATIAL TECH,"Geospatial technology involves tools and systems that collect, analyze, and visualize geographic and spatial data. This includes GPS, GIS (Geographic Information Systems), remote sensing, and mapping applications. Geospatial solutions help organizations make location-based decisions in fields like urban planning, logistics, agriculture, and environmental monitoring. They enable users to track assets, analyze terrain, and visualize data on digital maps to improve efficiency, safety, and strategic planning."
INFORMATION TECHNOLOGY,SOFTWARE,HCM & PAYROLL SOLUTIONS,"Human Capital Management (HCM) and payroll solutions manage employee information, compensation, benefits, and compliance processes. These systems automate payroll processing, time tracking, onboarding, and performance management. HCM software often includes analytics and self-service portals to improve employee engagement and administrative efficiency. By integrating HR and payroll functions, organizations ensure accuracy, regulatory compliance, and a seamless employee experience from hire to retirement."
INFORMATION TECHNOLOGY,SOFTWARE,IDAM & AUTHENTICATION TECH,"Identity and Access Management (IDAM) and authentication technologies secure digital identities and control user access to systems and data. They include single sign-on (SSO), multi-factor authentication (MFA), privilege management, and directory services. These tools reduce unauthorized access risks, support compliance, and enhance user convenience. Modern IDAM solutions integrate with cloud and hybrid environments, providing centralized visibility and governance over identity lifecycles."
INFORMATION TECHNOLOGY,SOFTWARE,INDUSTRY SOFTWARE - CITY PLANNING,"City planning software supports urban planners, engineers, and government agencies in designing, analyzing, and managing municipal infrastructure and land use. It includes tools for zoning analysis, traffic modeling, environmental assessment, and GIS-based mapping. These solutions improve decision-making, sustainability, and community engagement by visualizing the impact of projects and aligning them with long-term development goals."
INFORMATION TECHNOLOGY,SOFTWARE,INDUSTRY SOFTWARE - GOVERNMENT & PUBLIC SECTOR,"Government and public sector software enhances transparency, efficiency, and service delivery across agencies. Solutions include case management, citizen portals, grant administration, and data analytics. These platforms streamline workflows, improve communication, and ensure compliance with public policy and regulations. They support digital transformation initiatives that modernize government operations and strengthen public trust."
INFORMATION TECHNOLOGY,SOFTWARE,INDUSTRY SOFTWARE - HEALTHCARE,"Healthcare industry software includes electronic health records (EHR), telemedicine platforms, and medical billing systems that manage patient data, care coordination, and compliance. These tools improve clinical workflows, patient engagement, and regulatory adherence (HIPAA, HL7). Advanced healthcare software leverages AI, analytics, and interoperability standards to enhance outcomes, optimize resources, and drive value-based care delivery."
INFORMATION TECHNOLOGY,SOFTWARE,INDUSTRY SOFTWARE - LEGAL SERVICES,"Legal industry software helps law firms and corporate legal departments manage cases, documents, billing, and compliance. It includes practice management systems, contract lifecycle management (CLM), and eDiscovery platforms. These tools improve efficiency, collaboration, and transparency while ensuring secure handling of sensitive client data. Automation and analytics capabilities also support better decision-making and workload management."
INFORMATION TECHNOLOGY,SOFTWARE,INDUSTRY SOFTWARE - MANUFACTURING,"Manufacturing industry software includes ERP, MES (Manufacturing Execution Systems), and quality control platforms that manage production planning, supply chain logistics, and process optimization. These tools enhance efficiency, reduce downtime, and ensure product consistency. Integrating IoT and predictive analytics enables real-time visibility into operations, helping manufacturers improve output, reduce waste, and adapt to demand fluctuations."
INFORMATION TECHNOLOGY,SOFTWARE,INDUSTRY SOFTWARE - TRANSPORTATION,"Transportation industry software supports logistics, routing, fleet tracking, and regulatory compliance for carriers and shippers. It includes TMS (Transportation Management Systems), dispatch solutions, and route optimization tools. These platforms improve asset utilization, reduce operational costs, and enhance delivery accuracy. They often integrate with telematics, GPS, and IoT systems for real-time visibility and predictive maintenance."
INFORMATION TECHNOLOGY,SOFTWARE,IoT SOFTWARE,"Internet of Things (IoT) software connects, manages, and analyzes data from networked devices, sensors, and machines. It enables automation, monitoring, and predictive insights across industries such as manufacturing, logistics, and smart cities. IoT platforms handle device provisioning, communication protocols, and data visualization, helping organizations optimize efficiency, safety, and resource management through connected ecosystems."
INFORMATION TECHNOLOGY,SOFTWARE,IT & CYBER SECURITY TRAINING,"IT and cybersecurity training programs build workforce skills in network defense, threat analysis, ethical hacking, and compliance. These programs include certifications (CISSP, CompTIA, CEH), simulations, and hands-on labs. They prepare professionals to identify and mitigate cyber threats effectively. Organizations invest in training to strengthen security posture, reduce human error, and ensure adherence to industry standards and regulations."
INFORMATION TECHNOLOGY,SOFTWARE,LMS & TRAINING SOLUTIONS,"Learning Management Systems (LMS) and training solutions enable organizations to deliver, track, and manage educational programs and employee development. They support e-learning, certifications, and performance analytics. Modern LMS platforms offer mobile access, personalization, and integration with HR systems. These solutions enhance workforce skills, compliance readiness, and engagement through structured and scalable learning experiences."
INFORMATION TECHNOLOGY,SOFTWARE,MDR & SECURITY SERVICES,"Managed Detection and Response (MDR) services provide 24/7 monitoring, threat detection, and incident response for cybersecurity operations. MDR providers use advanced analytics, AI, and human expertise to identify and neutralize threats in real time. Services include continuous network visibility, forensics, and rapid containment. MDR helps organizations maintain resilience against cyberattacks without building a full internal SOC (Security Operations Center)."
INFORMATION TECHNOLOGY,SOFTWARE,PROCUREMENT SOFTWARE,"Procurement software streamlines purchasing, vendor management, and contract administration across an organization. It automates workflows such as requisition, approval, sourcing, and invoicing. By centralizing data, procurement platforms improve transparency, compliance, and cost control. Integrated analytics enable spend visibility, supplier performance tracking, and strategic sourcing, ensuring that procurement aligns with business and budget goals."
INFORMATION TECHNOLOGY,SOFTWARE,PROJECT & WORK MGMT SOFTWARE,"Project and work management software helps teams plan, execute, and monitor projects and day-to-day operations. It includes task tracking, resource allocation, time management, and collaboration features. These platforms improve visibility, accountability, and productivity by centralizing workflows and documentation. Integration with other business systems allows organizations to manage complex initiatives efficiently and align work with strategic objectives."
INFORMATION TECHNOLOGY,SOFTWARE,REVENUE LIFECYCLE MGMT,"Revenue lifecycle management encompasses the processes and technologies that govern how organizations capture, recognize, and optimize revenue from customers. It integrates functions like pricing, quoting, billing, collections, and revenue recognition. These systems ensure accuracy, compliance with accounting standards (ASC 606, IFRS 15), and financial visibility. By automating recurring billing, renewals, and contract management, companies can reduce revenue leakage, improve forecasting, and enhance customer satisfaction."
INFORMATION TECHNOLOGY,SOFTWARE,SALES ENABLEMENT & PERFORMANCE,"Sales enablement and performance solutions equip sales teams with tools, content, training, and analytics to improve productivity and conversion rates. These platforms deliver sales playbooks, CRM integration, and performance dashboards that align marketing and sales strategies. By providing real-time insights and personalized coaching, they help sales reps engage effectively with prospects, shorten sales cycles, and achieve revenue targets."
INFORMATION TECHNOLOGY,SOFTWARE,SERVICE & WORK MGMT SOFTWARE,"Service and work management software optimizes field operations, maintenance scheduling, and service delivery. It includes work order management, asset tracking, and technician dispatch tools. These systems provide real-time updates, customer communication, and analytics to improve operational efficiency and satisfaction. Used across industries such as utilities and facilities management, they streamline workflows and support predictive maintenance strategies."
INFORMATION TECHNOLOGY,SOFTWARE,SIEM & SOAR SOLUTIONS,"Security Information and Event Management (SIEM) and Security Orchestration, Automation, and Response (SOAR) solutions provide centralized cybersecurity monitoring and automated response. SIEM collects and analyzes security logs to detect threats, while SOAR automates incident investigation and remediation workflows. Together, they enhance visibility, accelerate response times, and strengthen threat intelligence integration across enterprise environments."
INFORMATION TECHNOLOGY,SOFTWARE,SSL CERTIFICATION,"SSL (Secure Sockets Layer) certification establishes an encrypted connection between a website and its users to secure data transmission. It verifies the website’s identity and protects sensitive information such as passwords, credit card details, and personal data. SSL certificates are issued by trusted Certificate Authorities (CAs) and are essential for HTTPS encryption. They improve trust, compliance, and search engine ranking for websites and online services."
INFORMATION TECHNOLOGY,SOFTWARE,SURVEY SOFTWARE,"Survey software enables organizations to design, distribute, and analyze questionnaires for customer feedback, employee engagement, or market research. These platforms support multiple question types, logic branching, and real-time analytics. Integrations with CRM and analytics tools provide deeper insights into customer sentiment and trends. Survey tools improve decision-making by collecting actionable data quickly and efficiently from diverse audiences."
INFORMATION TECHNOLOGY,SOFTWARE,VIDEO STREAMING & CONTENT DEV,"Video streaming and content development services support the creation, hosting, and distribution of video content across digital channels. They include live streaming, on-demand video, encoding, and content management tools. These platforms enhance viewer engagement and brand reach through analytics, personalization, and monetization options. They are widely used for marketing, education, and entertainment purposes, supporting scalable, high-quality digital experiences."
INFORMATION TECHNOLOGY,SOFTWARE,WORKFORCE COLLABORATION,"Workforce collaboration platforms enable communication and teamwork among distributed employees through tools such as chat, video meetings, file sharing, and task coordination. They integrate with productivity suites and cloud systems to centralize workflows. These platforms enhance transparency, innovation, and engagement across departments, supporting both remote and hybrid work environments while improving operational efficiency and organizational culture."
INFORMATION TECHNOLOGY,TELECOM,NETWORK INFRASTRUCTURE,"Hardware resources of an entire network that enables network connectivity, communication, operations and management Includes wireless access points, routers, firewalls, switches, etc "
INFORMATION TECHNOLOGY,TELECOM,MOBILE DEVICE MANAGEMENT,"Mobile device management (MDM) is software that allows IT administrators to control, secure and enforce policies on smartphones, tablets and other endpoints"
INFORMATION TECHNOLOGY,TELECOM,TELECOM & CONTACT INFRASTRUCTURE,"Includes base stations, PBX equipment for contact centers and even IP telephony and other contact center / collaboration infrastructure"
INFORMATION TECHNOLOGY,TELECOM,TELECOM EXPENSE MANAGEMENT,Telecom inventory and bill payment and management system
INFORMATION TECHNOLOGY,TELECOM,VOICE & DATA SERVICES,"Internet access and the data transmission technologies: dial-up, DSL, cable modem, or dedicated high-speed interconnects. Also includes communication methods such as internet email accounts, voice and streaming television services. The services and service combinations may be unique to each service provider (aka - ISP)."
INFORMATION TECHNOLOGY,TELECOM,WIRELESS,Wireless data and cell phone service providers
MARKETING,AFFILIATE MARKETING,AFFILIATE MARKETING,Commission for promoting the products or services by another firm
MARKETING,AFFILIATE MARKETING,AFFILIATE NETWORKS,A group of associated companies that offer complementary products and will share sales leads with one another
MARKETING,AFFILIATE MARKETING,AFFILIATE PLATFORMS,Connector or intermediary between merchants and marketing affiliates
MARKETING,AFFILIATE MARKETING,AFFILIATES,Companies utilizing third-party marketing services
MARKETING,AGENCIES,ADVERTISING AGENCIES,"Agencies / businesses dedicated to creating, planning, and handling advertising for its clients. This includes both the thinking / ideation behind the ads, as well as the strategic placement of those ads to achieve optimal audience impact and reach."
MARKETING,AGENCIES,CREATIVE AGENCIES,"Conceiving and implementing large-scale marketing concepts for its clients. Creative agencies develop the core idea for a marketing campaign and then create a series of advertisements which address that idea across different media. If an agency is focused on branding specifically, they will help the client develop a brand image/identity and all collateral communication devices needed to establish the brand.  Market research is usually performed to assist with the development of the brand and design services are performed for the development of a visual identity.  Brand services are most commonly used when a company is starting up or an existing business is re-branding."
MARKETING,AGENCIES,EXPERIENTIAL AGENCIES,"Experiential campaigns use an activation (for example product sampling, immersive experiences, etc.) to bring brands to life and interact directly with the target audience."
MARKETING,AGENCIES,PUBLIC RELATIONS AGENCIES,"Maintaining and enhancing a company’s image and the product or services it offers through proactive and reactive communication, media, and in-person engagement. PR firms help clients defend their reputations in crisis. PR is considered a strategy complementary to marketing, and, depending on the organization, may or may not fall within the Marketing function."
MARKETING,AGENCIES,CO-OP ADVERTISING,Sharing of costs for locally placed advertising between a retailer or wholesaler and a manufacturer. These funds are typically distributed as opportunities for collaboration arise.
MARKETING,AGENCIES,EVENTS AGENCIES,"Event agencies specialize in planning, organizing, and executing corporate or public events such as conferences, trade shows, product launches, and celebrations. They manage logistics, creative design, budgeting, and vendor coordination to deliver seamless experiences. Agencies often provide branding, production, and digital integration services, ensuring events align with client goals and brand identity while engaging audiences effectively."
MARKETING,AGENCIES,SOCIAL AGENCY,"A social agency develops and manages social media strategies for brands to enhance visibility, engagement, and community building. Services include content creation, paid campaign management, influencer partnerships, and performance analytics. Social agencies help organizations maintain a consistent online presence, measure ROI, and respond to real-time audience interactions across platforms like Facebook, LinkedIn, Instagram, and TikTok."
MARKETING,AGENCIES,WEB DESIGN,"Web design encompasses the creative and technical process of planning and building websites. It includes layout, user interface (UI), user experience (UX), graphics, and responsive design. Modern web design emphasizes accessibility, speed, and SEO optimization. Designers use tools such as HTML, CSS, and CMS platforms to create visually appealing, functional websites that support branding, engagement, and digital marketing objectives."
MARKETING,EVENTS & CONFERENCES,EVENT EXHIBITS & DISPLAYS,Physical marketing tools used to attract consumer attention and interest
MARKETING,EVENTS & CONFERENCES,EVENT SPACE & RENTALS,"Working with companies that rent and sell various furniture, equipment, and décor required for the execution of an event. This may also include the renting of space at a hotel, banquet hall, or other location for the purpose of hosting an event."
MARKETING,EVENTS & CONFERENCES,EVENTS & CONFERENCES,"Includes all vendors and agencies supporting the execution of an event or conference. This includes event planning agencies who provide strategic guidance and planning for events, and in some cases involves a third party facilitating payment on behalf of the client for goods and services related to the production of the event."
MARKETING,EVENTS & CONFERENCES,EXHIBITOR FEES,Cost to participate in a specific tradeshow; reserves booth space
MARKETING,EVENTS & CONFERENCES,EXHIBITOR SERVICES,"A contractor hired by the conference, event, or trade show coordinator to handle a majority of the essential logistics, including the set up and tear down of the physical aspects of the show, conducting inspections of the show venue and addressing problems, creating show floor layouts, freight loading and unloading, storage, and dock management, supplying equipment, installing and maintaining carpet, providing furniture for offices, lounge areas, etc., hang signs, decorate."
MARKETING,EVENTS & CONFERENCES,SPEAKERS & ENTERTAINMENT,"Individuals invited to present, speak, or host / emcee an event"
MARKETING,MAR TECH,MAR TECH,The systems and tools that help marketers better engage with customers more efficiently and effectively. These products use technology to automate a variety or time-consuming and repetitive tasks that are required to support the marketing function.
MARKETING,MAR TECH,MAR TECH - ADVERTISING & PROMOTIONS,Marketing technology services focused on advertising and promotions
MARKETING,MAR TECH,MAR TECH - COMMERCE & SALES,Marketing technology services focused on commerce and sales
MARKETING,MAR TECH,MAR TECH - CONTENT & EXPERIENCE,Marketing technology services focused on content and experience
MARKETING,MAR TECH,MAR TECH - DATA,Marketing technology services focused on data
MARKETING,MAR TECH,MAR TECH - MANAGEMENT,Marketing technology services focused on management
MARKETING,MAR TECH,MAR TECH - SOCIAL & RELATIONSHIPS,Marketing technology services focused on social and relationships
MARKETING,MARKETING SERVICES,FREELANCERS,Self-employed workers performing contracted labor for a temporary employer
MARKETING,MARKETING SERVICES,INFLUENCER MARKETING,The use of product mentions or endorsements from individuals who have a dedicated social following and are viewed as experts in their niche to promote a product or service.
MARKETING,MARKETING SERVICES,LEAD GENERATION,"Professional services that identify and qualify potential sales prospects through outreach, marketing, or data sourcing."
MARKETING,MARKETING SERVICES,MARKET RESEARCH,Customer/Market databases and industry reports for purchase as well as custom market research
MARKETING,MEDIA BUY,DIGITAL MEDIA BUYING & PLANNING,"Promoting products or services using digital technologies on the Internet, through mobile apps, and any other online medium. Digital tactics include, but are not limited to, Search Engine Marketing, Affiliate Marketing, Website Development & Operations, Influencer Marketing, CRM, Email Marketing, and Content Marketing."
MARKETING,MEDIA BUY,MEDIA BUYING & PLANNING,"Media planning is determining the optimal combination of media to achieve objectives. Media buying is the procurement of media space and time for displaying advertising content, including negotiating with individual media owners (such as broadcasters or publishers) over availability and price. This subcategory includes agencies that support one or both of those functions."
MARKETING,MEDIA PRODUCTION,MEDIA PRODUCTION,"Support development of a photo or video; e.g. the pre-work of planning and preparing the elements involved in the video, as well as the post-production work of editing the video or picture, writing, rerecording, and / or editing the soundtrack, and adding special visual effects."
MARKETING,MEDIA PRODUCTION,SET BUILDING,"Sets and staging used to create the look and feel of photo shoots, videos, etc."
MARKETING,MEDIA PRODUCTION,STOCK MEDIA,Pre-produced images or videos available for purchase
MARKETING,PROMOTIONS,PROMOTIONAL PRODUCTS,Items that are branded with a logo and used in marketing and communication programs
MARKETING,PROMOTIONS,PROMOTIONS & CUSTOMER LOYALTY,"Strategies and items used by companies to influence consumers to buy their products before, during, and while they shop, including coupons (digital and paper), in-store promotions, activations, digital media, and customer loyalty programs / platforms."
MARKETING,PROMOTIONS,SPONSORSHIPS,"Paying for all or some of the costs associated with a project, program, or event in exchange for recognition. Corporations may have their logos and brand names displayed alongside of the organization undertaking the project, program, or event, with specific mention that the corporation has provided funding. Corporate sponsorships are commonly associated with nonprofit groups, sporting events, etc."
MARKETING,WORKING MEDIA,WORKING MEDIA,Purchasing advertising spots directly from a media source or website
MARKETING,WORKING MEDIA,WORKING MEDIA - DISPLAY,"Display media refers to digital advertisements presented on websites, apps, or social platforms in the form of banners, videos, or interactive graphics. It helps brands build awareness and drive traffic through targeted impressions and retargeting campaigns. Managed through programmatic platforms, display media allows advertisers to reach specific audiences at scale using data-driven optimization and real-time bidding."
MARKETING,WORKING MEDIA,WORKING MEDIA - NATIVE ADVERTISING,"Native advertising integrates promotional content seamlessly into editorial or social environments, matching the format and tone of the surrounding content. It provides a non-disruptive experience while promoting brand messages effectively. Native ads often appear as sponsored articles, in-feed posts, or recommendation widgets. This format improves engagement and credibility compared to traditional display ads by aligning with user interests and platform aesthetics."
MARKETING,WORKING MEDIA,WORKING MEDIA - OUTDOOR ADVERTISING,"Outdoor advertising, or out-of-home (OOH) media, includes billboards, transit ads, digital signage, and street furniture displays. It targets audiences in public spaces to increase brand visibility and reinforce campaigns. With advances in digital OOH, advertisers can deliver dynamic, location-based messaging and track performance. Outdoor media offers broad reach and high impact, particularly for local and brand-awareness initiatives."
MARKETING,WORKING MEDIA,WORKING MEDIA - PAID SEARCH,"Paid search, also known as search engine marketing (SEM), involves placing sponsored ads on search engines like Google or Bing. Advertisers bid on keywords to appear alongside search results, driving qualified traffic to their websites. Paid search campaigns are performance-driven, offering measurable ROI through clicks, conversions, and analytics. This channel complements SEO by capturing user intent and accelerating visibility."
MARKETING,WORKING MEDIA,WORKING MEDIA - PAID SOCIAL,"Paid social media involves running sponsored ads across social platforms like Facebook, Instagram, LinkedIn, TikTok, and X (Twitter). These campaigns target audiences based on demographics, interests, and behaviors to increase awareness, engagement, or conversions. Paid social allows for precise targeting, creative testing, and real-time performance analytics. It complements organic content strategies and helps brands reach new audiences efficiently through data-driven advertising."
MARKETING,WORKING MEDIA,WORKING MEDIA - PUBLICATIONS (PRINT & DIGITAL),"Advertising in print and digital publications includes placing brand messages in newspapers, magazines, newsletters, or online editorial outlets. This medium provides credibility and audience segmentation through trusted content environments. Digital publications extend reach via sponsored articles and native placements, while print ads support brand visibility in niche markets. Combined, they deliver multi-channel exposure and measurable audience engagement."
MARKETING,WORKING MEDIA,WORKING MEDIA - RADIO ADVERTISING,"Radio advertising uses audio messages broadcast via AM/FM, satellite, or streaming radio to promote products or services. It targets listeners based on geography, demographics, and listening habits. With strong local reach and frequency, radio ads build brand recall and drive action. Digital radio and podcast integrations enhance measurability and engagement, offering advertisers dynamic and cost-effective audience reach."
MARKETING,WORKING MEDIA,WORKING MEDIA - TV ADVERTISING (LINEAR / OTT),"TV advertising includes traditional linear TV spots and digital streaming ads via OTT (Over-The-Top) platforms like Hulu, Roku, or YouTube TV. Linear TV provides broad audience reach, while OTT offers precise targeting, interactivity, and performance analytics. Both formats enhance brand awareness and storytelling through high-impact visuals. Modern campaigns often blend traditional and digital TV buys for maximum effectiveness across screens."
MATERIAL HANDLING EQUIPMENT,CRANES & HOISTS,CRANES & HOISTS,"Cranes and hoists are mechanical lifting devices used to move heavy materials vertically and horizontally in construction, manufacturing, and warehousing. Cranes handle large-scale loads using cables and pulleys, while hoists lift items along fixed paths. These systems improve safety, efficiency, and load control. Providers may offer installation, inspection, and maintenance services to ensure compliance with safety standards and operational reliability."
MATERIAL HANDLING EQUIPMENT,LIFT TRUCK EQUIPMENT,LIFT TRUCK BATTERIES,Batteries for lift trucks and fork lifts
MATERIAL HANDLING EQUIPMENT,LIFT TRUCK EQUIPMENT,LIFT TRUCK PARTS,Component parts necessary to operate and maintain a lift truck
MATERIAL HANDLING EQUIPMENT,LIFT TRUCK EQUIPMENT,LIFT TRUCKS,Powered industrial truck utilized to lift and move heavy materials over short distances
MATERIAL HANDLING EQUIPMENT,LIFT TRUCK EQUIPMENT,LIFT TRUCK ACCESSORIES,"Lift truck accessories include attachments and add-ons that enhance the functionality of forklifts and other material-handling vehicles. Examples include fork extensions, clamps, safety lights, and load backrests. These accessories improve productivity, safety, and versatility in warehouse and industrial environments. Vendors often provide customization, compatibility guidance, and installation services to ensure optimal performance and operator safety."
MATERIAL HANDLING EQUIPMENT,LIFT TRUCK EQUIPMENT,LIFT TRUCK MAINTENANCE & REPAIR,"Lift truck maintenance and repair services involve the inspection, servicing, and mechanical repair of forklifts and related equipment. These include hydraulic system checks, tire replacement, and battery maintenance. Preventive programs minimize downtime, extend vehicle life, and ensure compliance with OSHA safety regulations. Providers may offer on-site or scheduled maintenance plans to support continuous, safe material-handling operations."
MATERIAL HANDLING EQUIPMENT,LIFT TRUCK EQUIPMENT,LIFT TRUCK TIRES,"Lift truck tires are specialized industrial tires designed to support the heavy loads and operating conditions of forklifts. They come in solid, pneumatic, and cushion types to match different surfaces and applications. Proper tire selection and maintenance improve traction, stability, and fuel efficiency. Suppliers often provide mounting, balancing, and inspection services to ensure safety and longevity under demanding conditions."
MATERIAL HANDLING EQUIPMENT,NON-MOTORIZED MTL HANDLING,NON-MOTORIZED MTL HANDLING,"Non-motorized material handling equipment includes manual tools like pallet jacks, carts, dollies, and hand trucks used to move goods without powered assistance. These tools improve ergonomics, efficiency, and safety in warehouses and factories. They are ideal for short-distance transport, loading, and order picking. Durable construction and ergonomic design are key features, reducing operator strain and product damage."
MRO,INDUSTRIAL SUPPLIES,BUILDING MATERIALS,"Building supply suppliers are engaged in receiving and storage of bulk quantities of building and construction supplies and materials, and distribution and delivery of such materials to other wholesale or retail establishments. Building and construction materials include but are not limited to the following: appliances, building materials, doors and windows, electrical supplies, hand and power tools, hardware, home improvement items, kitchen cabinets, lumber, paint, plumbing supplies, and similar items."
MRO,INDUSTRIAL SUPPLIES,CALIBRATION,Services focused on configuring machinery and appliances
MRO,INDUSTRIAL SUPPLIES,CONTROL & AUTOMATION,"Advanced Process Controls, Condition Monitoring & I/O, Design and Operations Software, Distributed Control Systems, Drives, Drive Systems, Human Machine Interface, Industrial Control Products, Industrial Network Products, Industrial Sensors, Manufacturing Execution System, Motion Controls, Motor Control Centers, Programmable Controllers, Safety Components, Safety Instrumented Systems"
MRO,INDUSTRIAL SUPPLIES,CUTTING TOOLS & ABRASIVES,"Cutting Tools - turning, milling, hole making, threading, tooling systems. Abrasives - Coated Belts, Segments, Super Abrasive Wheels, Grinding Wheels, Rubber Regulated Wheels, Honing Stones, Dressing Tools and Wheels"
MRO,INDUSTRIAL SUPPLIES,DURABLE TOOLING,Dies/molds
MRO,INDUSTRIAL SUPPLIES,ELECTRICAL SUPPLIES,"Lighting/Lamps, conduit, wire, switches, breakers, boxes, electrical receptacles"
MRO,INDUSTRIAL SUPPLIES,ELECTRONICS,"Transistors, capacitors, amplifiers, resistors, semi conductors, passive components, wireless modules and connectors, optoelectronics, sensors and transducers, "
MRO,INDUSTRIAL SUPPLIES,FASTENERS,Hardware device utilized to join or affix two objects together
MRO,INDUSTRIAL SUPPLIES,FLUID POWER & PNEUMATICS,"Fluid power is the use of fluids under pressure to generate, control, and transmit power such as hydraulic - cylinders, pistons, filters, controls, sensors, manifolds, meters and pumps Fluid power is subdivided into hydraulics using a liquid such as mineral oil or water, and pneumatics using a gas such as air or other gases such as pneumatic -  cylinders, pistons, filters, controls, sensors, manifolds, meters and pumps"
MRO,INDUSTRIAL SUPPLIES,GENERAL INDUSTRIAL SUPPLIES,"Safety supplies, hand tools, power tools, janitorial and sanitation supplies, material handling, "
MRO,INDUSTRIAL SUPPLIES,HOSE & ACCESSORIES,Hose and accessories
MRO,INDUSTRIAL SUPPLIES,HVAC & PLUMBING SUPPLIES,Materials associated with the installation and maintenance of HVAC and plumbing systems
MRO,INDUSTRIAL SUPPLIES,INDUSTRIAL GASES,Medical or non-medical gases; can also be welding gases
MRO,INDUSTRIAL SUPPLIES,PROPANE,Purchase of propane for facilities
MRO,INDUSTRIAL SUPPLIES,INDUSTRIAL PVF,Industrial Pipes Valves and Fittings
MRO,INDUSTRIAL SUPPLIES,JANITORIAL SUPPLIES,"Cleaning supplies such as mops, cleaning chemicals, brooms, hand cleaners, paper roll towels, bathroom supplies, soaps, toilet supplies"
MRO,INDUSTRIAL SUPPLIES,LIGHTING,Lightbulbs and industrial lighting solutions for a facility
MRO,INDUSTRIAL SUPPLIES,LUBRICANTS & OILS,Lubricants & Oils
MRO,INDUSTRIAL SUPPLIES,OEM PARTS / SPARES,Parts that are very specific to a production piece of equipment
MRO,INDUSTRIAL SUPPLIES,POWER TRANSMISSION & BEARINGS,"Actuators, Adjustable Speed Drives, Bearings, Belting & Belt Drives, Brakes, Chain & Chain Drives, Clutches, Controls, Couplings & U-Joints, Fluid Power, Gear Drives, Gear Manufacturing Services, Gears, Industrial Hardware and Machine Parts, Linear Motion Devices, Lubrication, Motors, Seals, Sensors"
MRO,INDUSTRIAL SUPPLIES,RACKING & SHELVING,Purchase of racking and shelving for facilities
MRO,INDUSTRIAL SUPPLIES,SAFETY SUPPLIES,"Personal Protection Equipment (PPE) such as gloves, glasses, ear protection, Tyvek suits, cut and flame protection, shoes"
MRO,INDUSTRIAL SUPPLIES,TAPE,"Materials utilized to bond, repair, and protect a wide range of materials"
MRO,INDUSTRIAL SUPPLIES,TEST & MEASUREMENT EQUIPMENT,Test and measurement equipment
MRO,INDUSTRIAL SUPPLIES,WELDING SUPPLIES & GASES,"Torches, welding rods, welding wire, could also include welding gases"
MRO,INDUSTRIAL SUPPLIES,CHEMICALS/REAGENTS,"Chemicals and reagents refer to substances used in manufacturing, laboratory testing, cleaning, and research. They include acids, solvents, and specialty compounds required for production or analysis. Suppliers provide high-purity materials, safety data sheets, and compliance with standards like OSHA and REACH. Proper storage, labeling, and handling are essential to ensure safety, consistency, and environmental responsibility."
MRO,INDUSTRIAL SUPPLIES,CONVEYOR BELTS & PARTS,"Conveyor belts and parts support automated material transport systems in manufacturing and distribution environments. Components include rollers, motors, belts, and control systems. These systems enhance efficiency, reduce manual labor, and improve safety in high-volume operations. Maintenance services and spare parts management help ensure uptime, optimize performance, and extend system lifespan."
MRO,INDUSTRIAL SUPPLIES,ELECTRICAL DISTRIBUTION,"Electrical distribution systems deliver power from the main source to equipment, lighting, and outlets throughout a facility. Components include switchgear, transformers, circuit breakers, and wiring. Proper design ensures load balancing, safety, and energy efficiency. Providers may offer system installation, testing, and maintenance services to maintain compliance with electrical codes and operational reliability."
MRO,INDUSTRIAL SUPPLIES,FANS,"Industrial fans provide ventilation, cooling, and air circulation in commercial and manufacturing environments. They include axial, centrifugal, and exhaust types designed for dust control, temperature regulation, and worker comfort. Proper fan selection enhances air quality and energy efficiency. Suppliers often provide installation and balancing services, ensuring compliance with safety and environmental standards."
MRO,INDUSTRIAL SUPPLIES,GASKET & SEALS,"Gaskets and seals prevent leaks and maintain pressure in mechanical systems such as engines, pumps, and piping. Made from materials like rubber, silicone, or metal, they ensure safe containment of gases or liquids. Custom fabrication supports specific industrial needs. High-quality sealing components improve efficiency, reduce maintenance, and extend equipment life by ensuring tight, reliable joints."
MRO,MRO SERVICES,EQUIPMENT MAINTENANCE & REPAIR,"Equipment / machine (manufacturing and production) maintenance and repair services "
MRO,MRO SERVICES,EQUIPMENT RENTAL,Renting equipment for construction or maintenance
MRO,MRO SERVICES,PUMP & MOTOR REPAIRS,Pump and motor repairs
MRO,MRO SERVICES,UNIFORM & LINEN SERVICE,Uniforms and clothing providers
MRO,MRO SERVICES,OUTSIDE TESTING & RESEARCH,"Outside testing and research services provide third-party scientific analysis, validation, or product testing across industries. These may include material testing, environmental studies, and performance assessments. Independent laboratories ensure objectivity, compliance, and certification to standards like ASTM, ISO, or EPA. Outsourced testing enhances product quality, safety assurance, and regulatory readiness without internal infrastructure costs."
PACKAGING PRODUCTS,PACKAGING PRODUCTS,CORES & TUBES,Cores and or tubes used for storage or distribution
PACKAGING PRODUCTS,PACKAGING PRODUCTS,BAGS & SACKS,Bulk containers used to store or transport solids or powder goods
PACKAGING PRODUCTS,PACKAGING PRODUCTS,CORRUGATED,"Standard, durable brown shipping box to transport materials - different sizes available"
PACKAGING PRODUCTS,PACKAGING PRODUCTS,"DRUMS, TOTES & PAILS","Bulk containers used to store or transport liquids - Commonly, chemicals"
PACKAGING PRODUCTS,PACKAGING PRODUCTS,ECOMMERCE PACKAGING,"Packaging with set criteria outlining the size, material, and dimensions for a product or company"
PACKAGING PRODUCTS,PACKAGING PRODUCTS,FLEXIBLE PACKAGING,Containers whose shape can be readily changed Ex Bag or pouch
PACKAGING PRODUCTS,PACKAGING PRODUCTS,PLASTIC CONTAINERS/TOTES,"Bulk containers made of plastic "
PACKAGING PRODUCTS,PACKAGING PRODUCTS,RETAIL PACKAGING,Packaging of a single product to share with an end consumer
PACKAGING PRODUCTS,PACKAGING SUPPLIES,MAILERS & PACKING ENVELOPES,Paper containers to transport letters or documents
PACKAGING PRODUCTS,PACKAGING SUPPLIES,PACKAGING SUPPLIES,"Tape, Stretch Wrap, Strapping, Dunnage, Void Fill, Mailers/Shipping Envelopes"
PACKAGING PRODUCTS,PACKAGING SUPPLIES,PROTECTIVE PACKAGING,Custom boxes with protective corners and edges for fragile or otherwise sensitive materials
PACKAGING PRODUCTS,PACKAGING SUPPLIES,STRETCH / SHRINK WRAP,Plastic or shrink wrap
PACKAGING PRODUCTS,PACKAGING SUPPLIES,PALLETS & CRATES,Pallet or crate used for product transportation when shipping or within a warehouse
PACKAGING PRODUCTS,PACKAGING SUPPLIES,RETAIL DISPLAYS,"Point of purchase displays located next to a product for advertising "
PRINT,COMMERCIAL PRINT,CATALOGS,Prining of catalogs
PRINT,COMMERCIAL PRINT,CHECKS,Printing of checks
PRINT,COMMERCIAL PRINT,COMMERCIAL PRINT,"Printing products for business use "
PRINT,COMMERCIAL PRINT,FLYERS & BROCHURES,Printing of flyers and brochures for business purposes
PRINT,COMMERCIAL PRINT,FORMS,Priting of forms
PRINT,COMMERCIAL PRINT,FREE STANDING INSERTS,"Services dedicated to developing advertising materials to go in various print media outlets, like newspapers and magazines"
PRINT,COMMERCIAL PRINT,SIGNAGE & GRAPHICS,"Pringitng of signs and graphics "
PRINT,COMMERCIAL PRINT,STATEMENTS & INVOICES,"Printing of statements and invoices "
PRINT,COMMERCIAL PRINT,DIRECT MAIL,"Print (flyers, postcards brochures, etc) or data processing / list management of materials shared with customers and prospective customers "
PRINT,PRINT SUPPLIES,GIFT & LOYALTY CARDS,"Services that help purchase and share gifts or loyalty cards to customers "
PRINT,PRINT SUPPLIES,LABELS,"Any barcode, label, tag (non-adhesive label), RFID that is printed on or attached to products for tracking purposes"
PRINT,PRINT SUPPLIES,ENVELOPES,Paper
PRINT,PRINT SUPPLIES,PAPERS,Paper
PRINT,PRINT SUPPLIES,PRINTING SUPPLIES,Resources and services that help create printed materials
PROFESSIONAL SERVICES,ACCOUNTING & AUDITING,ACCOUNTING & AUDITING,Accounting and auditing related services
PROFESSIONAL SERVICES,ACCOUNTING & AUDITING,TAX SERVICES,"Tax related services "
PROFESSIONAL SERVICES,ADVISORY & MANAGEMENT CONSULTING,ADVISORY & MANAGEMENT CONSULTING,"Outsourced consulting services related to strategic planning, business and operating model strategy, mergers & acquisitions, international expansion / development, and others"
PROFESSIONAL SERVICES,ADVISORY & MANAGEMENT CONSULTING,FINANCIAL & RISK ADVISORY,"Outsourced consulting services to help reduce, manage and mitigate financial risk "
PROFESSIONAL SERVICES,BUSINESS PROCESS OUTSOURCING (BPO),BUSINESS PROCESS OUTSOURCING (BPO),"Outsourced services for a specific business function "
PROFESSIONAL SERVICES,BUSINESS PROCESS OUTSOURCING (BPO),COLLECTION SERVICES,"Debt collection services, also known as Accounts Receivable outsourcing"
PROFESSIONAL SERVICES,BUSINESS PROCESS OUTSOURCING (BPO),CONTACT CENTERS,"Outsourced contact center services "
PROFESSIONAL SERVICES,ENVIRONMENTAL CONSULTING,ENVIRONMENTAL CONSULTING,"Consulting services to help address environmental issues and reduce environmental impacts "
PROFESSIONAL SERVICES,LEGAL SERVICES,ARBITRATION & MEDIATION,"Legal firms providing arbitration and mediation advise "
PROFESSIONAL SERVICES,LEGAL SERVICES,E-DISCOVERY,"Legal firms aiding in electronic discovery, defined as the process of discovery in civil litigation carried out in electronic formats "
PROFESSIONAL SERVICES,LEGAL SERVICES,LEGAL SERVICES,Legal firms providing a variety of standard business related services
PROFESSIONAL SERVICES,LOBBYISTS,LOBBYISTS,"Services that work to influence actions, policies, or decisions (typically of elected officials) on behalf of a client company or industry group"
PROFESSIONAL SERVICES,TRANSLATION SERVICES,TRANSLATION SERVICES,"Foreign language translation services, in either a written or verbal format"
REAL ESTATE & FACILITIES,BUILDING REPAIR & MAINTENANCE,AIR COMPRESSORS,Air compressor services
REAL ESTATE & FACILITIES,BUILDING REPAIR & MAINTENANCE,BOILERS,Boiler services
REAL ESTATE & FACILITIES,BUILDING REPAIR & MAINTENANCE,BUILDING ENGINEERING SERVICES,"Engineering or hard services related to building installation, repair, and maintenance"
REAL ESTATE & FACILITIES,BUILDING REPAIR & MAINTENANCE,BUILDING MANAGEMENT SYSTEM,System associated with managing building maintenance
REAL ESTATE & FACILITIES,BUILDING REPAIR & MAINTENANCE,BUILDING REPAIR & MAINTENANCE,"Repair and maintenance services "
REAL ESTATE & FACILITIES,BUILDING REPAIR & MAINTENANCE,CHILLERS,Chillers
REAL ESTATE & FACILITIES,BUILDING REPAIR & MAINTENANCE,COOLING TOWERS,Cooling towers
REAL ESTATE & FACILITIES,BUILDING REPAIR & MAINTENANCE,DOCK DOORS & EQUIPMENT,"Dock door purchase and repair "
REAL ESTATE & FACILITIES,BUILDING REPAIR & MAINTENANCE,ELECTRICAL SERVICES,Electrical contractors and electricians
REAL ESTATE & FACILITIES,BUILDING REPAIR & MAINTENANCE,FIRE & LIFE SAFETY,"Fire suppression and sprinkler system installation, repair, and maintenance"
REAL ESTATE & FACILITIES,BUILDING REPAIR & MAINTENANCE,GENERATORS,Power generators for buildings
REAL ESTATE & FACILITIES,BUILDING REPAIR & MAINTENANCE,HVAC/R,"HVAC installation, repair and maintenance services "
REAL ESTATE & FACILITIES,BUILDING REPAIR & MAINTENANCE,KITCHEN EQUIPMENT,Kitchen equipment services
REAL ESTATE & FACILITIES,BUILDING REPAIR & MAINTENANCE,LIGHTING SERVICES,Lighting services
REAL ESTATE & FACILITIES,BUILDING REPAIR & MAINTENANCE,PAINTING SERVICES,Painting services
REAL ESTATE & FACILITIES,BUILDING REPAIR & MAINTENANCE,PLUMBING SERVICES,"Water, sewage, and gas plumbing installation and repair services"
REAL ESTATE & FACILITIES,BUILDING REPAIR & MAINTENANCE,REMEDIATION SERVICES,Facility disaster recovery and flood remediation services
REAL ESTATE & FACILITIES,BUILDING REPAIR & MAINTENANCE,ROOFING,Roofing services and supplies for new constructions or repairs
REAL ESTATE & FACILITIES,BUILDING REPAIR & MAINTENANCE,SIGNAGE,"Exterior signage, parts, installation, and repair"
REAL ESTATE & FACILITIES,BUILDING REPAIR & MAINTENANCE,UPS SYSTEMS,Uninterruptible power supply systems
REAL ESTATE & FACILITIES,BUILDING REPAIR & MAINTENANCE,VERTICAL TRANSPORT,Elevator and escalator maintenance and repair services
REAL ESTATE & FACILITIES,BUILDING REPAIR & MAINTENANCE,CARPENTRY/HANDYMAN SVCS,"Carpentry and handyman services provide general maintenance, repair, and small-scale construction work for residential, commercial, or industrial facilities. Tasks may include framing, drywall repair, cabinetry, flooring, and fixture installation. Skilled technicians handle both structural and aesthetic improvements, ensuring safety and functionality. These services are ideal for routine upkeep, renovations, and emergency repairs, helping organizations maintain property condition and operational readiness."
REAL ESTATE & FACILITIES,BUILDING REPAIR & MAINTENANCE,DOORS - INTERIOR / EXTERIOR,"Interior and exterior door services cover the supply, installation, and maintenance of doors for buildings and facilities. Interior doors enhance privacy and aesthetics, while exterior doors prioritize security, insulation, and weather resistance. Providers offer materials such as wood, metal, and fiberglass, along with hardware, locks, and automation systems. Proper installation ensures durability, energy efficiency, and code compliance."
REAL ESTATE & FACILITIES,FACILITY SERVICES,FACILITY / PROPERTY RENT,Facility and property lease and rental payments
REAL ESTATE & FACILITIES,FACILITY SERVICES,CONCIERGE & HOSPITALITY,Concierge services
REAL ESTATE & FACILITIES,FACILITY SERVICES,INTEGRATED FACILITIES MANAGEMENT,"Outsourced facilities management including management of all facilities related services: janitorial, landscaping, electrical, HVAC, plumbing, etc"
REAL ESTATE & FACILITIES,FACILITY SERVICES,LOCKSMITH,Lock and key services
REAL ESTATE & FACILITIES,FACILITY SERVICES,PEST CONTROL,Recurring and non-recurring pest control services
REAL ESTATE & FACILITIES,FACILITY SERVICES,PRINT / MAILROOM MANAGEMENT,Outsourced mailroom and/or print management services
REAL ESTATE & FACILITIES,FACILITY SERVICES,INTERIOR PLANTS,Plants and plant maintenance services
REAL ESTATE & FACILITIES,FACILITY SERVICES,OFFICE FURNITURE,"Desks, chairs, cubicles, artwork, décor"
REAL ESTATE & FACILITIES,FACILITY SERVICES,INDUSTRIAL CLEANING,"Industrial cleaning services specialize in the removal of contaminants, dust, and waste from manufacturing plants, warehouses, and production facilities. Techniques may include high-pressure washing, vacuuming, degreasing, and hazardous waste handling. These services ensure safety, hygiene, and regulatory compliance (OSHA, EPA). Providers use specialized equipment and trained personnel to maintain operational efficiency and reduce downtime in industrial environments."
REAL ESTATE & FACILITIES,FOOD SERVICES,BREAKROOM SERVICES,"Food service management services specific to coffee and break room services, not cafeteria"
REAL ESTATE & FACILITIES,FOOD SERVICES,FOOD SERVICES,Food service management services focused on corporate cafeterias or in office catering
REAL ESTATE & FACILITIES,FOOD SERVICES,VENDING,Vending Services and supplies for new vending or repairs
REAL ESTATE & FACILITIES,GROUNDS MAINTENANCE,LANDSCAPING & SNOW REMOVAL,"Landscaping and snow removal services "
REAL ESTATE & FACILITIES,GROUNDS MAINTENANCE,PARKING LOT MAINTENANCE,"Upkeep of parking lots including line painting, crack filling, sealcoating, lighting, and snow/ice management."
REAL ESTATE & FACILITIES,GROUNDS MAINTENANCE,IRRIGATION SYSTEM,"Irrigation system services include the design, installation, and maintenance of systems that distribute water efficiently for landscaping, agriculture, or facility grounds. Components such as sprinklers, pumps, valves, and controllers help regulate water use based on soil and weather conditions. Properly managed irrigation conserves resources, supports plant health, and ensures compliance with environmental standards."
REAL ESTATE & FACILITIES,JANITORIAL SERVICES,CARPET CLEANING,"Carpet and upholstery cleaning services "
REAL ESTATE & FACILITIES,JANITORIAL SERVICES,FLOOR CARE,"Floor cleaning services "
REAL ESTATE & FACILITIES,JANITORIAL SERVICES,JANITORIAL SERVICES,Facility cleaning and janitorial services
REAL ESTATE & FACILITIES,JANITORIAL SERVICES,WINDOW WASHING,Window cleaning service
REAL ESTATE & FACILITIES,JANITORIAL SERVICES,DAY PORTER SERVICE,"Day porter services provide on-site janitorial and maintenance support during business hours. Porters handle cleaning, restocking, waste removal, and light repairs in high-traffic areas such as lobbies, restrooms, and offices. They ensure facilities remain clean, safe, and presentable throughout the day. This service complements overnight cleaning crews, supporting continuous facility maintenance and customer satisfaction."
REAL ESTATE & FACILITIES,JANITORIAL SERVICES,ENVIRONMENTAL SERVICES (EVS),"Environmental Services (EVS) involve cleaning, sanitation, and infection prevention in healthcare and institutional facilities. EVS teams maintain hygiene standards to protect patients, staff, and visitors from contamination and disease. Services include waste management, disinfection, and compliance with health regulations such as CDC and OSHA standards. Effective EVS programs contribute to patient safety, operational excellence, and positive environmental outcomes."
REAL ESTATE & FACILITIES,REAL ESTATE SERVICES,LEASE ADMINISTRATION,Leasing / rental administration service
REAL ESTATE & FACILITIES,REAL ESTATE SERVICES,PROPERTY MANAGEMENT,Third party property management service
REAL ESTATE & FACILITIES,REAL ESTATE SERVICES,REAL ESTATE ANALYTICS,Real estate analytic services and subscriptions
REAL ESTATE & FACILITIES,REAL ESTATE SERVICES,REAL ESTATE SERVICES,"Professional services focused on purchasing, renting, or selling properties - usually services are outsourced to real estate agents"
REAL ESTATE & FACILITIES,SECURITY,ELECTRONIC SECURITY,"Installation and repair of security products (access control, video surveillance, etc.)"
REAL ESTATE & FACILITIES,SECURITY,SECURITY PERSONNEL,Security guards and personnel
REAL ESTATE & FACILITIES,WASTE DISPOSAL & RECYCLING,BULK WASTE PICKUP,Bulk waste collection service
REAL ESTATE & FACILITIES,WASTE DISPOSAL & RECYCLING,COMPACTORS & BALERS,Compactor and baler for waste management services
REAL ESTATE & FACILITIES,WASTE DISPOSAL & RECYCLING,DUMPSTERS,Dumpster services
REAL ESTATE & FACILITIES,WASTE DISPOSAL & RECYCLING,HAZARDOUS WASTE MANAGEMENT,Hazardous or chemical waste stream management services
REAL ESTATE & FACILITIES,WASTE DISPOSAL & RECYCLING,INCINERATION SERVICES,Waste incineration services
REAL ESTATE & FACILITIES,WASTE DISPOSAL & RECYCLING,MEDICAL WASTE,Medical waste disposal service
REAL ESTATE & FACILITIES,WASTE DISPOSAL & RECYCLING,NON-HAZARDOUS WASTE DISPOSAL,Oil clean up and disposal service
REAL ESTATE & FACILITIES,WASTE DISPOSAL & RECYCLING,RECYCLING SERVICES,Recycling services
REAL ESTATE & FACILITIES,WASTE DISPOSAL & RECYCLING,WASTE DISPOSAL & RECYCLING,General waste disposal services
REAL ESTATE & FACILITIES,WATER TREATMENT,WATER TREATMENT,Water treatment chemicals and related services
STORE OPERATIONS,IN-STORE OPERATIONS,FIXTURES & DISPLAYS,"Structures used to show product, like shelves and racks"
STORE OPERATIONS,IN-STORE OPERATIONS,IN-STORE MERCHANDISING,In store product promotional services
STORE OPERATIONS,IN-STORE OPERATIONS,NEW STORE SETUP,New store configuration service
STORE OPERATIONS,IN-STORE OPERATIONS,STORE FIXTURE & DISPLAY INSTALLATION,Fixture and display installation service
STORE OPERATIONS,IN-STORE OPERATIONS,STORE RESETS,Re-arranging and replacing store fixtures and items
STORE OPERATIONS,IN-STORE OPERATIONS,IN-STORE MUSIC,"In-store music service/subscription "
STORE OPERATIONS,IN-STORE SERVICES,INVENTORY SERVICES,"Services associated with ordering, storing and or using inventory"
STORE OPERATIONS,IN-STORE SUPPLIES,STORE SUPPLIES,Store supplies & consumables
TRANSPORTATION & LOGISTICS,FREIGHT SERVICES,AIR FREIGHT,Freight moved over air via airplanes
TRANSPORTATION & LOGISTICS,FREIGHT SERVICES,COURIER SERVICES,"Door to door, pickup and delivery service, typically for smaller packages or documents, often time-sensitive and premium service"
TRANSPORTATION & LOGISTICS,FREIGHT SERVICES,CUSTOMS BROKERAGE,Outsourced brokerage services for transportation and logistic purposes
TRANSPORTATION & LOGISTICS,FREIGHT SERVICES,DRAYAGE,"Transportation service, moving goods a short distance via ground freight"
TRANSPORTATION & LOGISTICS,FREIGHT SERVICES,FREIGHT AUDIT & PAYMENT,"Freight bill audit function (examine, adjust, & verify freight bills for accuracy) and payment function services"
TRANSPORTATION & LOGISTICS,FREIGHT SERVICES,FREIGHT FORWARDING,"Third parties that arrange the importing and exporting of groups, typically over Ocean or Air Freight "
TRANSPORTATION & LOGISTICS,FREIGHT SERVICES,HOME DELIVERY,Home delivery services
TRANSPORTATION & LOGISTICS,FREIGHT SERVICES,LTL,"Less-than-truckload freight "
TRANSPORTATION & LOGISTICS,FREIGHT SERVICES,OCEAN FREIGHT,Freight moved over water via steamship / boat (can be FCL or LCL)
TRANSPORTATION & LOGISTICS,FREIGHT SERVICES,RETAIL POOL DISTRIBUTION,Combining and shipping retail orders in similar markets to cross dock facilities for final store delivery.
TRANSPORTATION & LOGISTICS,FREIGHT SERVICES,RAIL,Freight moved by railroad
TRANSPORTATION & LOGISTICS,FREIGHT SERVICES,SMALL PARCEL SHIPPING,"Delivery of parcels or high value mail as single shipments; typically shipments under 70 lbs. per carton and shipped in cartons, rather than on a pallet"
TRANSPORTATION & LOGISTICS,THIRD PARTY LOGISTICS (3PL),FULFILLMENT,"Specialized vendors in small quantity fulfillment who offer pick, pack, and ship services for Direct to Consumer shipments"
TRANSPORTATION & LOGISTICS,THIRD PARTY LOGISTICS (3PL),THIRD PARTY LOGISTICS (3PL),"Outsourced solutions for enterprise supply chains in packaging, warehousing, transportation and order fulfilment"
TRANSPORTATION & LOGISTICS,THIRD PARTY LOGISTICS (3PL),WAREHOUSING,"Warehouse space and/or warehouse labor to fulfill stocking, pick, pack, and ship services"
TRANSPORTATION & LOGISTICS,TRUCKLOAD,DEDICATED CONTRACT SERVICES,"Tractors, trailers, drivers, and other resources contracted exclusively to carry out operations involved in a customer's transportation network. "
TRANSPORTATION & LOGISTICS,TRUCKLOAD,DRY BULK,"Truckload service with specialized trailers to haul large unpackaged quantities of ""dry"" commodity cargo (e.g., sand, gravel, fertilizer)"
TRANSPORTATION & LOGISTICS,TRUCKLOAD,DRY VAN,"Fully enclosed truckload service. Not temperature controlled and cannot carry oversized shipments. "
TRANSPORTATION & LOGISTICS,TRUCKLOAD,FLATBED TRUCKLOAD,Truckload service with a flatbed trailer used frequently for construction products
TRANSPORTATION & LOGISTICS,TRUCKLOAD,INTERMODAL,Transportation of freight in an imtermodal container using multiple modes of transportation
TRANSPORTATION & LOGISTICS,TRUCKLOAD,LIQUID BULK,"Truckload service with specialized trailers to haul liquid (e.g., chemicals, petroleum) cargo in large unpackaged quantities"
TRANSPORTATION & LOGISTICS,TRUCKLOAD,REFRIGERATED,"Truckload service with specialized refrigerated trailers to keep products and cargo at correct temperatures during transportation.  "
TRANSPORTATION & LOGISTICS,TRUCKLOAD,TRUCKLOAD,"Trucking company that generally contracts an entire trailer-load to a single customer. "
TRAVEL,GROUND TRANSPORTATION,AUTO RENTAL,Car rental for business travel
TRAVEL,GROUND TRANSPORTATION,CAR SERVICE,Car share services for business travel
TRAVEL,GROUND TRANSPORTATION,CHARTER BUS,Charter Bus services for business travel
TRAVEL,GROUND TRANSPORTATION,FERRY SERVICE,"Passenger and car ferries "
TRAVEL,GROUND TRANSPORTATION,PASSENGER RAIL,Commuter or passenger rail fares for business travel
TRAVEL,GROUND TRANSPORTATION,TAXI / RIDESHARE,Ride share services used for business travel
TRAVEL,TRAVEL EXPENSES,AIRFARE,Commercial airfare (not private/charter)
TRAVEL,TRAVEL EXPENSES,CORPORATE AIRCRAFT,Services related to the maintenance and operation of a corporate aircraft
TRAVEL,TRAVEL EXPENSES,CORPORATE HOUSING,Short term housing service sponsored by the company.
TRAVEL,TRAVEL EXPENSES,HOTELS,Hotel stays for business travel
TRAVEL,TRAVEL EXPENSES,MEALS & ENTERTAINMENT,"Meals, snacks, restaurants and entertainment for employees and any business guests"
TRAVEL,TRAVEL EXPENSES,PARKING,Parking expenses associated with business travel
TRAVEL,TRAVEL EXPENSES,TOLLS,Toll payments associated with business travel
TRAVEL,TRAVEL MANAGEMENT,TRAVEL CARD,Travel credit card payments and reimbursements
TRAVEL,TRAVEL MANAGEMENT,TRAVEL MANAGEMENT,External travel agency and/or booking tool used to manage travel needs
UNADDRESSABLE,UNADDRESSABLE,BOARD / DIRECTORS FEES,Payments to board members/directors
UNADDRESSABLE,UNADDRESSABLE,CHARITABLE CONTRIBUTIONS,"Gifts made by an individual or an organization to a nonprofit organization, charity or private foundation"
UNADDRESSABLE,UNADDRESSABLE,COMMISSIONS,Sales commisions paid to individuals or organizations
UNADDRESSABLE,UNADDRESSABLE,DIVIDEND PAYMENTS,Shareholder dividend payments
UNADDRESSABLE,UNADDRESSABLE,EMPLOYEE COMPENSATION & REIMBURSEMENT,Employee compensation and reimbursement payments
UNADDRESSABLE,UNADDRESSABLE,FRANCHISE & ACQUISITION FEES,Franchise and acquisition fees
UNADDRESSABLE,UNADDRESSABLE,INTEREST / DEBT PAYMENTS,Interest and debt expenses
UNADDRESSABLE,UNADDRESSABLE,INTERNAL TRANSFERS,Transfers within the organization
UNADDRESSABLE,UNADDRESSABLE,LICENSES & PERMITS,Licenses and permits required to conduct businesses
UNADDRESSABLE,UNADDRESSABLE,MANAGEMENT FEES,Company management fees; often times paid to a private equity firm
UNADDRESSABLE,UNADDRESSABLE,MARKET LISTING FEES,Market listing fees and services
UNADDRESSABLE,UNADDRESSABLE,PARTNERSHIP FEES,Partnership fees
UNADDRESSABLE,UNADDRESSABLE,PETTY CASH,"Money maintained by a company for employee expenditures. "
UNADDRESSABLE,UNADDRESSABLE,RETIREMENT FUND CONTRIBUTIONS,Retirement fund contributions
UNADDRESSABLE,UNADDRESSABLE,REVENUE ADJUSTMENTS / REIMBURSEMENTS,Revenue adjustments and customer reimbursements/rebates
UNADDRESSABLE,UNADDRESSABLE,ROYALTIES,Royalty fees owed to other organizations
UNADDRESSABLE,UNADDRESSABLE,SETTLEMENTS / INSURANCE CLAIMS,Payment of legal settlements or insurance claims
UNADDRESSABLE,UNADDRESSABLE,TAXES & FEES,Government taxes and fees
UNADDRESSABLE,UNADDRESSABLE,TUITION REIMBURSEMENT,Employee tuition reimbursement
UNADDRESSABLE,UNADDRESSABLE,UNADDRESSABLE,
UNADDRESSABLE,UNADDRESSABLE,UNION CONTRIBUTIONS,Union dues and contributions
UNADDRESSABLE,UNADDRESSABLE,WARRANTY PAYMENTS,Warranty expense payments
UNCATEGORIZED,UNCATEGORIZED,UNCATEGORIZED,Spend where an appropriate category has not yet been identified
UTILITIES,UTILITIES,ELECTRICITY,Electricity service
UTILITIES,UTILITIES,NATURAL GAS,Natural gas service
UTILITIES,UTILITIES,STEAM,Steam service
UTILITIES,UTILITIES,UTILITIES MANAGEMENT SERVICES,"Utility consulting services, including utility bill payment, processing, bill audit and energy procurement"
UTILITIES,UTILITIES,WATER & SEWER,"Water and sewer utilities. "
